model,accuracy,precision_macro,recall_macro,f1_macro
decision_tree,0.992,0.9943239795918367,0.9939028803010566,0.9940909382620973
ensemble_soft,0.992,0.9943239795918367,0.9939028803010566,0.9940909382620973
random_forest,0.99,0.9925133096716947,0.8471422113149057,0.8876631373552555
logistic,0.902,0.7671396232516776,0.922019710119437,0.7832800065370396
